INSERT INTO DEPARTMENT (Dept_ID, Dept_Name)
VALUES 
(1, 'Computer Science'),
(2, 'Mechanical Engineering'),
(3, 'Electrical Engineering'),
(4, 'Civil Engineering'),
(5, 'Mathematics'),
(6, 'Physics'),
(7, 'Chemistry'),
(8, 'Biotechnology'),
(9, 'Business Administration'),
(10, 'Economics'),(11, 'Psychology'),
(12, 'Sociology'),
(13, 'English Literature'),
(14, 'Philosophy'),
(15, 'Environmental Science'),
(16, 'Geology'),
(17, 'Astronomy'),
(18, 'Linguistics'),
(19, 'History'),
(20, 'Political Science');

INSERT INTO STUDENT (Student_ID, First_Name, Last_Name, Age, Gender, Dept_ID)
VALUES
(101, 'Alice', 'Smith', 20, 'F', 1),
(102, 'Bob', 'Johnson', 21, 'M', 2),
(103, 'Carol', 'Williams', 22, 'F', 3),
(104, 'David', 'Brown', 23, 'M', 4),
(105, 'Eve', 'Davis', 20, 'F', 1),
(106, 'Frank', 'Miller', 24, 'M', 5),
(107, 'Grace', 'Wilson', 21, 'F', 6),
(108, 'Hank', 'Moore', 22, 'M', 7),
(109, 'Ivy', 'Taylor', 23, 'F', 8),
(110, 'Jack', 'Anderson', 20, 'M', 9),
(111, 'Liam', 'Harris', 21, 'M', 11),
(112, 'Noah', 'Martin', 22, 'M', 12),
(113, 'Emma', 'Clark', 20, 'F', 13),
(114, 'Olivia', 'Lewis', 23, 'F', 14),
(115, 'Sophia', 'Walker', 22, 'F', 15),
(116, 'Mason', 'Robinson', 21, 'M', 16),
(117, 'Isabella', 'Perez', 20, 'F', 17),
(118, 'Ethan', 'Hall', 22, 'M', 18),
(119, 'Ava', 'Young', 23, 'F', 19),
(120, 'Logan', 'King', 21, 'M', 20),

(121, 'Lucas', 'Green', 20, 'M', 1),
(122, 'Aria', 'Adams', 22, 'F', 2),
(123, 'James', 'Campbell', 21, 'M', 3),
(124, 'Charlotte', 'Stewart', 23, 'F', 4),
(125, 'Amelia', 'Mitchell', 20, 'F', 5),
(126, 'Benjamin', 'Carter', 24, 'M', 6),
(127, 'Mia', 'Phillips', 22, 'F', 7),
(128, 'Henry', 'Evans', 21, 'M', 8),
(129, 'Ella', 'Turner', 23, 'F', 9),
(130, 'Elijah', 'Parker', 20, 'M', 10);

INSERT INTO FACULTY (Faculty_ID, First_Name, Last_Name, Qualification, Dept_ID)
VALUES
(201, 'Dr. John', 'Doe', 'PhD in CS', 1),
(202, 'Dr. Mary', 'White', 'PhD in ME', 2),
(203, 'Dr. Robert', 'Harris', 'PhD in EE', 3),
(204, 'Dr. Linda', 'Clark', 'PhD in Civil', 4),
(205, 'Dr. Michael', 'Lewis', 'PhD in Math', 5),
(206, 'Dr. Susan', 'Walker', 'PhD in Physics', 6),
(207, 'Dr. Charles', 'Hall', 'PhD in Chemistry', 7),
(208, 'Dr. Patricia', 'Allen', 'PhD in Biotech', 8),
(209, 'Dr. James', 'Young', 'PhD in Business', 9),
(210, 'Dr. Barbara', 'King', 'PhD in Economics', 10),
(211, 'Dr. Jennifer', 'Scott', 'PhD in Psychology', 11),
(212, 'Dr. Andrew', 'Hill', 'PhD in Sociology', 12),
(213, 'Dr. Sarah', 'Torres', 'PhD in English', 13),
(214, 'Dr. Kevin', 'Gray', 'PhD in Philosophy', 14),
(215, 'Dr. Emily', 'Baker', 'PhD in Env. Science', 15),
(216, 'Dr. Matthew', 'Nelson', 'PhD in Geology', 16),
(217, 'Dr. Hannah', 'Cox', 'PhD in Astronomy', 17),
(218, 'Dr. Daniel', 'Howard', 'PhD in Linguistics', 18),
(219, 'Dr. Abigail', 'Reed', 'PhD in History', 19),
(220, 'Dr. Ethan', 'Murphy', 'PhD in Political Science', 20);

INSERT INTO COURSE (Course_ID, Course_Name, Credits, Dept_ID, Faculty_ID)
VALUES
(301, 'Data Structures', 4, 1, 201),
(302, 'Thermodynamics', 3, 2, 202),
(303, 'Circuit Analysis', 4, 3, 203),
(304, 'Structural Design', 4, 4, 204),
(305, 'Linear Algebra', 3, 5, 205),
(306, 'Quantum Physics', 4, 6, 206),
(307, 'Organic Chemistry', 4, 7, 207),
(308, 'Genetics', 3, 8, 208),
(309, 'Marketing Principles', 3, 9, 209),
(310, 'Microeconomics', 3, 10, 210),
(311, 'Cognitive Psychology', 3, 11, 211),
(312, 'Cultural Studies', 4, 12, 212),
(313, 'Shakespearean Drama', 3, 13, 213),
(314, 'Ethics and Morality', 4, 14, 214),
(315, 'Climate Change', 3, 15, 215),
(316, 'Mineralogy', 4, 16, 216),
(317, 'Astrophysics', 4, 17, 217),
(318, 'Syntax and Semantics', 3, 18, 218),
(319, 'World War II History', 3, 19, 219),
(320, 'International Relations', 3, 20, 220);

INSERT INTO ENROLLMENT (Enrollment_ID, Student_ID, Course_ID, Semester, Grade)
VALUES
(401, 101, 301, 'Fall 2024', 'A'),
(402, 102, 302, 'Fall 2024', 'B'),
(403, 103, 303, 'Fall 2024', 'A'),
(404, 104, 304, 'Fall 2024', 'C'),
(405, 105, 301, 'Fall 2024', 'B'),
(406, 106, 305, 'Fall 2024', 'A'),
(407, 107, 306, 'Fall 2024', 'A'),
(408, 108, 307, 'Fall 2024', 'B'),
(409, 109, 308, 'Fall 2024', 'A'),
(410, 110, 309, 'Fall 2024', 'C'),
(411, 111, 311, 'Win 2024', 'A'),
(412, 112, 312, 'Win 2024', 'B'),
(413, 113, 313, 'Win 2024', 'A'),
(414, 114, 314, 'Win 2024', 'B'),
(415, 115, 315, 'Win 2024', 'A'),
(416, 116, 316, 'Win 2024', 'B'),
(417, 117, 317, 'Win 2024', 'A'),
(418, 118, 318, 'Win 2024', 'B'),
(419, 119, 319, 'Win 2024', 'A'),
(420, 120, 320, 'win 2024', 'B');

INSERT INTO EXAM (Exam_ID, Course_ID, Student_ID, Marks, Exam_Date)
VALUES
(501, 301, 101, 85, '2024-10-10'),
(502, 302, 102, 78, '2024-10-12'),
(503, 303, 103, 88, '2024-10-15'),
(504, 304, 104, 65, '2024-10-18'),
(505, 301, 105, 75, '2024-10-10'),
(506, 305, 106, 90, '2024-10-20'),
(507, 306, 107, 95, '2024-10-22'),
(508, 307, 108, 80, '2024-10-25'),
(509, 308, 109, 92, '2024-10-28'),
(510, 309, 110, 70, '2024-10-30'),
(511, 311, 111, 88, '2024-03-01'),
(512, 312, 112, 75, '2024-03-03'),
(513, 313, 113, 90, '2024-03-05'),
(514, 314, 114, 80, '2024-03-07'),
(515, 315, 115, 95, '2024-03-09'),
(516, 316, 116, 85, '2024-03-11'),
(517, 317, 117, 92, '2024-03-13'),
(518, 318, 118, 70, '2024-03-15'),
(519, 319, 119, 89, '2024-03-17'),
(520, 320, 120, 76, '2024-03-19');

INSERT INTO CLASSROOM (Classroom_ID, Room_Number, Capacity)
VALUES
(601, 'A101', 60),
(602, 'B102', 50),
(603, 'C103', 45),
(604, 'D104', 40),
(605, 'E105', 55),
(606, 'F106', 35),
(607, 'G107', 30),
(608, 'H108', 50),
(609, 'I109', 40),
(610, 'J110', 25),
(611, 'K201', 40),
(612, 'L202', 35),
(613, 'M203', 50),
(614, 'N204', 45),
(615, 'O205', 30),
(616, 'P206', 25),
(617, 'Q207', 60),
(618, 'R208', 50),
(619, 'S209', 55),
(620, 'T210', 40);

INSERT INTO SCHEDULE (Schedule_ID, Course_ID, Classroom_ID, Day, Time_Slot)
VALUES
(701, 301, 601, 'Monday', '10:00:00'),
(702, 302, 602, 'Tuesday', '11:00:00'),
(703, 303, 603, 'Wednesday', '09:00:00'),
(704, 304, 604, 'Thursday', '12:00:00'),
(705, 305, 605, 'Friday', '13:00:00'),
(706, 306, 606, 'Monday', '14:00:00'),
(707, 307, 607, 'Tuesday', '15:00:00'),
(708, 308, 608, 'Wednesday', '16:00:00'),
(709, 309, 609, 'Thursday', '10:00:00'),
(710, 310, 610, 'Friday', '11:00:00'),
(711, 311, 611, 'Monday', '10:00:00'),
(712, 312, 612, 'Tuesday', '11:00:00'),
(713, 313, 613, 'Wednesday', '09:00:00'),
(714, 314, 614, 'Thursday', '12:00:00'),
(715, 315, 615, 'Friday', '13:00:00'),
(716, 316, 616, 'Monday', '14:00:00'),
(717, 317, 617, 'Tuesday', '15:00:00'),
(718, 318, 618, 'Wednesday', '16:00:00'),
(719, 319, 619, 'Thursday', '10:00:00'),
(720, 320, 620, 'Friday', '11:00:00');

